username,create_time,region_code,view_count,relevant,personal_narrative,explanatory_elements,advice_coping,performed_scenario,emotional_expressions,everyday_experience_present,everyday_experience_linked_to_ADHD,experience_as_symptom_sign_framing,clinical_or_diagnostic_language,demedicalization_framing,lived_experience_source,professional_expertise_source,scientific_or_medical_source,community_or_platform_source,notes
creator_1,anonymized,anonymized,anonymized,1.0,0.0,0.0,1.0,1.0,0.0,1.0,1.0,0.0,1.0,0.0,0.0,0.0,0.0,0.0,
creator_2,anonymized,anonymized,anonymized,0.0,,,,,,,,,,,,,,,
creator_3,anonymized,anonymized,anonymized,0.0,,,,,,,,,,,,,,,
creator_4,anonymized,anonymized,anonymized,0.0,,,,,,,,,,,,,,,
creator_5,anonymized,anonymized,anonymized,0.0,,,,,,,,,,,,,,,
creator_6,anonymized,anonymized,anonymized,1.0,0.0,0.0,1.0,1.0,0.0,1.0,1.0,0.0,0.0,0.0,1.0,0.0,0.0,0.0,
creator_7,anonymized,anonymized,anonymized,0.0,,,,,,,,,,,,,,,
creator_8,anonymized,anonymized,anonymized,0.0,,,,,,,,,,,,,,,
creator_9,anonymized,anonymized,anonymized,0.0,,,,,,,,,,,,,,,
creator_10,anonymized,anonymized,anonymized,0.0,,,,,,,,,,,,,,,
creator_11,anonymized,anonymized,anonymized,1.0,0.0,0.0,0.0,1.0,0.0,1.0,1.0,0.0,0.0,0.0,1.0,0.0,0.0,0.0,
creator_12,anonymized,anonymized,anonymized,0.0,,,,,,,,,,,,,,,
creator_13,anonymized,anonymized,anonymized,0.0,,,,,,,,,,,,,,,
creator_14,anonymized,anonymized,anonymized,0.0,,,,,,,,,,,,,,,
creator_15,anonymized,anonymized,anonymized,1.0,0.0,0.0,0.0,1.0,0.0,1.0,1.0,0.0,0.0,0.0,0.0,0.0,0.0,0.0,
creator_16,anonymized,anonymized,anonymized,0.0,,,,,,,,,,,,,,,
creator_17,anonymized,anonymized,anonymized,0.0,,,,,,,,,,,,,,,
creator_18,anonymized,anonymized,anonymized,0.0,,,,,,,,,,,,,,,
creator_19,anonymized,anonymized,anonymized,0.0,,,,,,,,,,,,,,,
creator_20,anonymized,anonymized,anonymized,0.0,,,,,,,,,,,,,,,
creator_21,anonymized,anonymized,anonymized,1.0,0.0,1.0,1.0,0.0,0.0,0.0,0.0,0.0,1.0,0.0,0.0,0.0,1.0,0.0,
creator_22,anonymized,anonymized,anonymized,0.0,,,,,,,,,,,,,,,
creator_23,anonymized,anonymized,anonymized,0.0,,,,,,,,,,,,,,,
creator_24,anonymized,anonymized,anonymized,1.0,0.0,0.0,0.0,0.0,0.0,1.0,1.0,0.0,0.0,0.0,0.0,0.0,0.0,0.0,
creator_25,anonymized,anonymized,anonymized,1.0,0.0,1.0,0.0,0.0,0.0,1.0,1.0,0.0,0.0,0.0,0.0,0.0,0.0,0.0,
creator_26,anonymized,anonymized,anonymized,0.0,,,,,,,,,,,,,,,
creator_27,anonymized,anonymized,anonymized,1.0,0.0,0.0,1.0,1.0,0.0,1.0,1.0,1.0,0.0,1.0,0.0,0.0,0.0,0.0,this video frames everyday experiences as potential symptoms of ADHD but in ther caption it states that having some symptoms does not mean a person has ADHD (therefore symptom framing & normalization are coded 1l)
creator_28,anonymized,anonymized,anonymized,1.0,0.0,1.0,0.0,1.0,0.0,1.0,1.0,0.0,1.0,0.0,0.0,0.0,0.0,0.0,
creator_29,anonymized,anonymized,anonymized,0.0,,,,,,,,,,,,,,,
creator_30,anonymized,anonymized,anonymized,0.0,,,,,,,,,,,,,,,
creator_31,anonymized,anonymized,anonymized,0.0,,,,,,,,,,,,,,,
creator_32,anonymized,anonymized,anonymized,0.0,,,,,,,,,,,,,,,
creator_10,anonymized,anonymized,anonymized,0.0,,,,,,,,,,,,,,,
creator_32,anonymized,anonymized,anonymized,0.0,,,,,,,,,,,,,,,
creator_33,anonymized,anonymized,anonymized,1.0,0.0,0.0,0.0,0.0,0.0,0.0,0.0,0.0,1.0,0.0,0.0,0.0,0.0,0.0,"professional_expertise_source is coded 0, even though doctors are mentioned, it is unclear whether  the creators knowledge comes from "
creator_32,anonymized,anonymized,anonymized,0.0,,,,,,,,,,,,,,,
creator_34,anonymized,anonymized,anonymized,0.0,,,,,,,,,,,,,,,
creator_35,anonymized,anonymized,anonymized,1.0,0.0,0.0,0.0,1.0,0.0,1.0,1.0,0.0,1.0,0.0,1.0,0.0,0.0,0.0,
creator_36,anonymized,anonymized,anonymized,1.0,0.0,0.0,0.0,1.0,0.0,1.0,1.0,0.0,0.0,0.0,1.0,0.0,0.0,0.0,
creator_37,anonymized,anonymized,anonymized,0.0,,,,,,,,,,,,,,,
creator_38,anonymized,anonymized,anonymized,0.0,,,,,,,,,,,,,,,
creator_39,anonymized,anonymized,anonymized,0.0,,,,,,,,,,,,,,,
creator_40,anonymized,anonymized,anonymized,0.0,,,,,,,,,,,,,,,
creator_41,anonymized,anonymized,anonymized,1.0,0.0,0.0,0.0,1.0,0.0,1.0,1.0,0.0,1.0,0.0,1.0,0.0,0.0,0.0,
creator_42,anonymized,anonymized,anonymized,0.0,,,,,,,,,,,,,,,
creator_43,anonymized,anonymized,anonymized,0.0,,,,,,,,,,,,,,,
creator_44,anonymized,anonymized,anonymized,0.0,,,,,,,,,,,,,,,
creator_6,anonymized,anonymized,anonymized,1.0,0.0,0.0,0.0,1.0,0.0,1.0,1.0,0.0,0.0,0.0,1.0,0.0,0.0,0.0,
creator_45,anonymized,anonymized,anonymized,1.0,1.0,0.0,0.0,0.0,0.0,1.0,1.0,0.0,0.0,0.0,1.0,0.0,0.0,0.0,
creator_46,anonymized,anonymized,anonymized,0.0,,,,,,,,,,,,,,,
creator_47,anonymized,anonymized,anonymized,0.0,,,,,,,,,,,,,,,
creator_48,anonymized,anonymized,anonymized,0.0,,,,,,,,,,,,,,,
creator_49,anonymized,anonymized,anonymized,0.0,,,,,,,,,,,,,,,
creator_50,anonymized,anonymized,anonymized,0.0,,,,,,,,,,,,,,,
creator_51,anonymized,anonymized,anonymized,1.0,0.0,0.0,0.0,0.0,0.0,1.0,1.0,0.0,0.0,0.0,1.0,0.0,0.0,0.0,
creator_6,anonymized,anonymized,anonymized,0.0,,,,,,,,,,,,,,,
creator_52,anonymized,anonymized,anonymized,0.0,,,,,,,,,,,,,,,
creator_53,anonymized,anonymized,anonymized,1.0,0.0,0.0,0.0,1.0,0.0,1.0,1.0,0.0,0.0,0.0,1.0,0.0,0.0,0.0,
creator_54,anonymized,anonymized,anonymized,1.0,0.0,0.0,0.0,1.0,0.0,1.0,1.0,0.0,1.0,0.0,1.0,1.0,0.0,0.0,
creator_55,anonymized,anonymized,anonymized,0.0,,,,,,,,,,,,,,,
creator_56,anonymized,anonymized,anonymized,0.0,,,,,,,,,,,,,,,
creator_57,anonymized,anonymized,anonymized,0.0,,,,,,,,,,,,,,,
creator_58,anonymized,anonymized,anonymized,1.0,0.0,0.0,0.0,1.0,1.0,1.0,1.0,0.0,1.0,0.0,1.0,0.0,0.0,0.0,
creator_59,anonymized,anonymized,anonymized,1.0,1.0,0.0,0.0,0.0,0.0,1.0,1.0,0.0,0.0,0.0,1.0,0.0,0.0,0.0,
creator_60,anonymized,anonymized,anonymized,0.0,,,,,,,,,,,,,,,
creator_61,anonymized,anonymized,anonymized,0.0,,,,,,,,,,,,,,,
creator_62,anonymized,anonymized,anonymized,1.0,1.0,0.0,1.0,0.0,0.0,0.0,0.0,0.0,1.0,0.0,1.0,0.0,0.0,0.0,
creator_63,anonymized,anonymized,anonymized,1.0,1.0,0.0,0.0,0.0,0.0,0.0,0.0,0.0,1.0,0.0,1.0,0.0,0.0,0.0,
creator_64,anonymized,anonymized,anonymized,0.0,,,,,,,,,,,,,,,
creator_65,anonymized,anonymized,anonymized,1.0,1.0,0.0,1.0,0.0,0.0,1.0,1.0,0.0,0.0,0.0,1.0,0.0,0.0,0.0,
creator_64,anonymized,anonymized,anonymized,0.0,,,,,,,,,,,,,,,
creator_66,anonymized,anonymized,anonymized,0.0,,,,,,,,,,,,,,,
creator_67,anonymized,anonymized,anonymized,1.0,0.0,1.0,0.0,0.0,0.0,0.0,0.0,0.0,1.0,0.0,0.0,1.0,0.0,0.0,
creator_68,anonymized,anonymized,anonymized,1.0,0.0,0.0,0.0,1.0,1.0,1.0,1.0,0.0,0.0,0.0,0.0,0.0,0.0,0.0,
creator_69,anonymized,anonymized,anonymized,0.0,,,,,,,,,,,,,,,
creator_70,anonymized,anonymized,anonymized,0.0,,,,,,,,,,,,,,,
creator_71,anonymized,anonymized,anonymized,0.0,,,,,,,,,,,,,,,
creator_72,anonymized,anonymized,anonymized,1.0,1.0,0.0,0.0,0.0,0.0,1.0,1.0,0.0,0.0,0.0,1.0,0.0,0.0,0.0,
creator_73,anonymized,anonymized,anonymized,1.0,1.0,0.0,1.0,0.0,0.0,1.0,1.0,0.0,0.0,0.0,1.0,0.0,0.0,0.0,
creator_74,anonymized,anonymized,anonymized,0.0,,,,,,,,,,,,,,,
creator_75,anonymized,anonymized,anonymized,1.0,0.0,1.0,1.0,0.0,0.0,1.0,1.0,0.0,1.0,0.0,1.0,0.0,0.0,0.0,
creator_76,anonymized,anonymized,anonymized,0.0,,,,,,,,,,,,,,,
creator_77,anonymized,anonymized,anonymized,1.0,0.0,1.0,0.0,0.0,0.0,0.0,0.0,0.0,1.0,0.0,0.0,1.0,0.0,0.0,
creator_78,anonymized,anonymized,anonymized,1.0,1.0,0.0,0.0,0.0,0.0,1.0,1.0,0.0,1.0,0.0,1.0,0.0,0.0,0.0,
creator_79,anonymized,anonymized,anonymized,1.0,1.0,0.0,0.0,0.0,0.0,0.0,0.0,0.0,0.0,0.0,1.0,0.0,0.0,0.0,
creator_80,anonymized,anonymized,anonymized,0.0,,,,,,,,,,,,,,,
creator_81,anonymized,anonymized,anonymized,0.0,,,,,,,,,,,,,,,
creator_82,anonymized,anonymized,anonymized,0.0,,,,,,,,,,,,,,,
creator_83,anonymized,anonymized,anonymized,0.0,,,,,,,,,,,,,,,
creator_84,anonymized,anonymized,anonymized,0.0,,,,,,,,,,,,,,,
creator_85,anonymized,anonymized,anonymized,1.0,0.0,0.0,0.0,1.0,0.0,1.0,1.0,0.0,0.0,0.0,1.0,0.0,0.0,0.0,
creator_86,anonymized,anonymized,anonymized,1.0,0.0,1.0,1.0,0.0,0.0,0.0,0.0,0.0,1.0,0.0,0.0,0.0,0.0,0.0,
creator_87,anonymized,anonymized,anonymized,1.0,0.0,1.0,0.0,0.0,1.0,1.0,1.0,0.0,1.0,1.0,1.0,0.0,0.0,0.0,
creator_88,anonymized,anonymized,anonymized,0.0,,,,,,,,,,,,,,,
creator_89,anonymized,anonymized,anonymized,0.0,,,,,,,,,,,,,,,
creator_90,anonymized,anonymized,anonymized,1.0,0.0,0.0,0.0,1.0,0.0,1.0,1.0,0.0,1.0,0.0,1.0,0.0,0.0,0.0,
creator_91,anonymized,anonymized,anonymized,1.0,0.0,0.0,0.0,1.0,1.0,1.0,1.0,0.0,0.0,0.0,1.0,0.0,0.0,0.0,
creator_92,anonymized,anonymized,anonymized,0.0,,,,,,,,,,,,,,,
creator_93,anonymized,anonymized,anonymized,1.0,0.0,0.0,0.0,1.0,0.0,1.0,1.0,0.0,0.0,0.0,1.0,0.0,0.0,0.0,
creator_94,anonymized,anonymized,anonymized,1.0,1.0,0.0,0.0,0.0,0.0,1.0,1.0,0.0,1.0,0.0,1.0,1.0,0.0,0.0,
creator_95,anonymized,anonymized,anonymized,1.0,0.0,0.0,0.0,1.0,0.0,1.0,1.0,0.0,0.0,0.0,0.0,0.0,0.0,0.0,ambiguous for lived_experience because the POV-format did not include first-person language regarding ADHD-related behavior 
creator_96,anonymized,anonymized,anonymized,1.0,0.0,0.0,1.0,0.0,0.0,1.0,1.0,0.0,0.0,0.0,0.0,0.0,0.0,0.0,
creator_97,anonymized,anonymized,anonymized,0.0,,,,,,,,,,,,,,,
creator_98,anonymized,anonymized,anonymized,1.0,0.0,1.0,1.0,0.0,0.0,1.0,1.0,0.0,1.0,0.0,0.0,0.0,0.0,0.0,
creator_99,anonymized,anonymized,anonymized,1.0,0.0,1.0,1.0,0.0,0.0,1.0,1.0,0.0,1.0,0.0,1.0,0.0,0.0,0.0,
creator_100,anonymized,anonymized,anonymized,0.0,,,,,,,,,,,,,,,
creator_101,anonymized,anonymized,anonymized,0.0,,,,,,,,,,,,,,,
creator_102,anonymized,anonymized,anonymized,1.0,0.0,0.0,0.0,1.0,0.0,1.0,1.0,0.0,0.0,0.0,1.0,0.0,0.0,0.0,
creator_103,anonymized,anonymized,anonymized,0.0,,,,,,,,,,,,,,,
creator_104,anonymized,anonymized,anonymized,0.0,,,,,,,,,,,,,,,
creator_105,anonymized,anonymized,anonymized,1.0,0.0,1.0,1.0,1.0,0.0,1.0,1.0,0.0,1.0,0.0,1.0,1.0,0.0,0.0,
creator_106,anonymized,anonymized,anonymized,0.0,,,,,,,,,,,,,,,
creator_107,anonymized,anonymized,anonymized,0.0,,,,,,,,,,,,,,,
creator_108,anonymized,anonymized,anonymized,0.0,,,,,,,,,,,,,,,
creator_109,anonymized,anonymized,anonymized,0.0,,,,,,,,,,,,,,,
creator_110,anonymized,anonymized,anonymized,0.0,,,,,,,,,,,,,,,
creator_111,anonymized,anonymized,anonymized,1.0,1.0,0.0,1.0,0.0,0.0,1.0,1.0,0.0,1.0,0.0,1.0,0.0,0.0,0.0,
creator_112,anonymized,anonymized,anonymized,1.0,0.0,1.0,0.0,1.0,1.0,1.0,1.0,0.0,0.0,0.0,0.0,0.0,0.0,0.0,
creator_1,anonymized,anonymized,anonymized,1.0,0.0,0.0,0.0,1.0,0.0,1.0,1.0,0.0,0.0,0.0,0.0,0.0,0.0,0.0,
creator_46,anonymized,anonymized,anonymized,0.0,,,,,,,,,,,,,,,
creator_113,anonymized,anonymized,anonymized,0.0,,,,,,,,,,,,,,,
creator_106,anonymized,anonymized,anonymized,0.0,,,,,,,,,,,,,,,
creator_38,anonymized,anonymized,anonymized,0.0,,,,,,,,,,,,,,,
creator_114,anonymized,anonymized,anonymized,0.0,,,,,,,,,,,,,,,
creator_115,anonymized,anonymized,anonymized,1.0,0.0,0.0,0.0,1.0,1.0,1.0,1.0,0.0,0.0,0.0,1.0,0.0,0.0,0.0,
creator_116,anonymized,anonymized,anonymized,1.0,0.0,0.0,1.0,0.0,0.0,1.0,1.0,0.0,0.0,0.0,1.0,0.0,0.0,0.0,
creator_117,anonymized,anonymized,anonymized,0.0,,,,,,,,,,,,,,,
creator_118,anonymized,anonymized,anonymized,1.0,1.0,0.0,1.0,0.0,0.0,1.0,1.0,0.0,1.0,0.0,1.0,0.0,0.0,0.0,
creator_119,anonymized,anonymized,anonymized,1.0,0.0,0.0,0.0,0.0,0.0,1.0,1.0,0.0,0.0,0.0,0.0,0.0,0.0,0.0,"ambigious for lived_experience, since a everyday situation is shown, but the situation is captured by another person, the source of information is unknown "
creator_27,anonymized,anonymized,anonymized,0.0,,,,,,,,,,,,,,,
creator_120,anonymized,anonymized,anonymized,1.0,0.0,0.0,1.0,0.0,0.0,1.0,1.0,0.0,1.0,0.0,0.0,0.0,0.0,0.0,
creator_121,anonymized,anonymized,anonymized,1.0,0.0,0.0,0.0,0.0,0.0,1.0,1.0,0.0,0.0,0.0,0.0,0.0,0.0,0.0,"ambigious for performed_scenario, since the video is recorded in a car and the text talks about ""car registration"", but text and visuals are not directly connected; situation is overgeneralized, therefore lived_experience is coded 0 "
creator_122,anonymized,anonymized,anonymized,0.0,,,,,,,,,,,,,,,
creator_123,anonymized,anonymized,anonymized,0.0,,,,,,,,,,,,,,,
creator_124,anonymized,anonymized,anonymized,1.0,1.0,0.0,1.0,0.0,0.0,1.0,1.0,0.0,0.0,0.0,1.0,0.0,0.0,0.0,
creator_125,anonymized,anonymized,anonymized,1.0,1.0,1.0,1.0,0.0,0.0,1.0,1.0,0.0,1.0,0.0,1.0,0.0,0.0,0.0,
creator_16,anonymized,anonymized,anonymized,0.0,,,,,,,,,,,,,,,
creator_126,anonymized,anonymized,anonymized,0.0,,,,,,,,,,,,,,,
creator_127,anonymized,anonymized,anonymized,0.0,,,,,,,,,,,,,,,
creator_128,anonymized,anonymized,anonymized,0.0,,,,,,,,,,,,,,,
creator_129,anonymized,anonymized,anonymized,0.0,,,,,,,,,,,,,,,
creator_130,anonymized,anonymized,anonymized,1.0,1.0,0.0,1.0,0.0,0.0,1.0,1.0,0.0,1.0,0.0,1.0,0.0,0.0,0.0,
creator_131,anonymized,anonymized,anonymized,0.0,,,,,,,,,,,,,,,
creator_63,anonymized,anonymized,anonymized,1.0,0.0,1.0,1.0,0.0,0.0,1.0,1.0,0.0,1.0,0.0,0.0,0.0,0.0,0.0,
creator_19,anonymized,anonymized,anonymized,1.0,0.0,0.0,1.0,0.0,0.0,0.0,0.0,0.0,0.0,0.0,0.0,0.0,0.0,0.0,
creator_132,anonymized,anonymized,anonymized,0.0,,,,,,,,,,,,,,,
creator_123,anonymized,anonymized,anonymized,0.0,,,,,,,,,,,,,,,
creator_133,anonymized,anonymized,anonymized,0.0,,,,,,,,,,,,,,,
creator_28,anonymized,anonymized,anonymized,1.0,0.0,1.0,1.0,1.0,0.0,1.0,1.0,0.0,1.0,0.0,0.0,0.0,0.0,0.0,
creator_134,anonymized,anonymized,anonymized,0.0,,,,,,,,,,,,,,,
creator_135,anonymized,anonymized,anonymized,0.0,,,,,,,,,,,,,,,
creator_136,anonymized,anonymized,anonymized,1.0,1.0,1.0,0.0,0.0,0.0,1.0,1.0,0.0,1.0,0.0,0.0,1.0,0.0,0.0,
creator_137,anonymized,anonymized,anonymized,0.0,,,,,,,,,,,,,,,
creator_138,anonymized,anonymized,anonymized,0.0,,,,,,,,,,,,,,,
creator_139,anonymized,anonymized,anonymized,0.0,,,,,,,,,,,,,,,
creator_140,anonymized,anonymized,anonymized,0.0,,,,,,,,,,,,,,,
creator_141,anonymized,anonymized,anonymized,0.0,,,,,,,,,,,,,,,
creator_44,anonymized,anonymized,anonymized,0.0,,,,,,,,,,,,,,,
creator_36,anonymized,anonymized,anonymized,1.0,1.0,0.0,0.0,0.0,0.0,1.0,1.0,0.0,0.0,0.0,1.0,0.0,0.0,0.0,
creator_142,anonymized,anonymized,anonymized,1.0,0.0,0.0,0.0,1.0,0.0,1.0,1.0,0.0,0.0,0.0,1.0,0.0,0.0,0.0,
creator_32,anonymized,anonymized,anonymized,0.0,,,,,,,,,,,,,,,
creator_143,anonymized,anonymized,anonymized,1.0,0.0,0.0,0.0,0.0,0.0,0.0,0.0,0.0,0.0,0.0,1.0,0.0,0.0,0.0,"advice_coping was unclear, since the video contains advice but phrased very generalized instead of ADHD-specific "
creator_32,anonymized,anonymized,anonymized,0.0,,,,,,,,,,,,,,,
creator_32,anonymized,anonymized,anonymized,0.0,,,,,,,,,,,,,,,
creator_144,anonymized,anonymized,anonymized,1.0,0.0,1.0,0.0,0.0,0.0,1.0,1.0,0.0,0.0,0.0,0.0,0.0,0.0,0.0,
creator_145,anonymized,anonymized,anonymized,0.0,,,,,,,,,,,,,,,
creator_127,anonymized,anonymized,anonymized,0.0,,,,,,,,,,,,,,,
creator_146,anonymized,anonymized,anonymized,1.0,0.0,0.0,0.0,1.0,0.0,1.0,1.0,0.0,1.0,0.0,0.0,0.0,0.0,0.0,
creator_147,anonymized,anonymized,anonymized,0.0,,,,,,,,,,,,,,,
creator_148,anonymized,anonymized,anonymized,1.0,0.0,0.0,0.0,1.0,0.0,1.0,1.0,0.0,0.0,0.0,0.0,0.0,0.0,0.0,
creator_149,anonymized,anonymized,anonymized,0.0,,,,,,,,,,,,,,,
creator_73,anonymized,anonymized,anonymized,0.0,,,,,,,,,,,,,,,
creator_150,anonymized,anonymized,anonymized,0.0,,,,,,,,,,,,,,,
creator_151,anonymized,anonymized,anonymized,0.0,,,,,,,,,,,,,,,
creator_152,anonymized,anonymized,anonymized,0.0,,,,,,,,,,,,,,,
creator_153,anonymized,anonymized,anonymized,0.0,,,,,,,,,,,,,,,
creator_154,anonymized,anonymized,anonymized,0.0,,,,,,,,,,,,,,,
creator_155,anonymized,anonymized,anonymized,0.0,,,,,,,,,,,,,,,
creator_156,anonymized,anonymized,anonymized,0.0,,,,,,,,,,,,,,,
creator_64,anonymized,anonymized,anonymized,0.0,,,,,,,,,,,,,,,
creator_64,anonymized,anonymized,anonymized,0.0,,,,,,,,,,,,,,,
creator_157,anonymized,anonymized,anonymized,1.0,0.0,0.0,0.0,1.0,0.0,1.0,1.0,0.0,0.0,0.0,0.0,0.0,0.0,0.0,
creator_158,anonymized,anonymized,anonymized,1.0,1.0,0.0,1.0,0.0,0.0,1.0,1.0,0.0,1.0,0.0,1.0,0.0,0.0,0.0,
creator_159,anonymized,anonymized,anonymized,0.0,,,,,,,,,,,,,,,
creator_160,anonymized,anonymized,anonymized,0.0,,,,,,,,,,,,,,,
creator_161,anonymized,anonymized,anonymized,0.0,,,,,,,,,,,,,,,
creator_162,anonymized,anonymized,anonymized,1.0,0.0,0.0,0.0,1.0,0.0,1.0,1.0,0.0,0.0,0.0,0.0,0.0,0.0,0.0,
creator_64,anonymized,anonymized,anonymized,0.0,,,,,,,,,,,,,,,
creator_163,anonymized,anonymized,anonymized,0.0,,,,,,,,,,,,,,,
creator_164,anonymized,anonymized,anonymized,1.0,0.0,1.0,1.0,1.0,0.0,0.0,0.0,0.0,1.0,0.0,1.0,0.0,0.0,0.0,
creator_83,anonymized,anonymized,anonymized,0.0,,,,,,,,,,,,,,,
creator_165,anonymized,anonymized,anonymized,1.0,1.0,0.0,0.0,0.0,0.0,1.0,1.0,0.0,0.0,0.0,1.0,0.0,0.0,0.0,
creator_22,anonymized,anonymized,anonymized,1.0,1.0,0.0,0.0,0.0,0.0,0.0,0.0,0.0,1.0,0.0,1.0,0.0,0.0,0.0,
creator_166,anonymized,anonymized,anonymized,1.0,0.0,1.0,0.0,0.0,0.0,1.0,1.0,0.0,0.0,0.0,1.0,0.0,0.0,0.0,
creator_167,anonymized,anonymized,anonymized,1.0,0.0,1.0,0.0,0.0,0.0,0.0,0.0,0.0,0.0,0.0,0.0,0.0,0.0,0.0,"demedicalization_framing is coded 0 even though the content says that there is ""a natural human diversity"" but it is not explciitly de-linked from ADHD, rather ADHD is explained thorugh that perspective "
creator_168,anonymized,anonymized,anonymized,0.0,,,,,,,,,,,,,,,
creator_169,anonymized,anonymized,anonymized,0.0,,,,,,,,,,,,,,,
creator_170,anonymized,anonymized,anonymized,1.0,0.0,0.0,0.0,0.0,0.0,1.0,1.0,0.0,1.0,0.0,1.0,1.0,0.0,1.0,
creator_171,anonymized,anonymized,anonymized,0.0,,,,,,,,,,,,,,,
creator_172,anonymized,anonymized,anonymized,0.0,,,,,,,,,,,,,,,
creator_173,anonymized,anonymized,anonymized,1.0,0.0,0.0,0.0,0.0,0.0,1.0,0.0,0.0,0.0,0.0,0.0,0.0,0.0,0.0,"everyday experience are present and the video talks about ADHD, however the connection is unclear, and everyday experiences might be related to an ADHD-child´s parents, therefore everyday_experience_linked_to_ADHD is coded 0 "
creator_174,anonymized,anonymized,anonymized,0.0,,,,,,,,,,,,,,,
creator_175,anonymized,anonymized,anonymized,0.0,,,,,,,,,,,,,,,
creator_176,anonymized,anonymized,anonymized,1.0,0.0,0.0,0.0,0.0,0.0,1.0,1.0,0.0,0.0,0.0,0.0,0.0,0.0,0.0,
creator_177,anonymized,anonymized,anonymized,1.0,0.0,1.0,1.0,0.0,0.0,1.0,1.0,0.0,1.0,1.0,0.0,0.0,0.0,0.0,
creator_178,anonymized,anonymized,anonymized,0.0,,,,,,,,,,,,,,,
creator_179,anonymized,anonymized,anonymized,0.0,,,,,,,,,,,,,,,
creator_180,anonymized,anonymized,anonymized,0.0,,,,,,,,,,,,,,,
creator_105,anonymized,anonymized,anonymized,1.0,0.0,1.0,1.0,1.0,0.0,1.0,1.0,0.0,1.0,0.0,0.0,1.0,0.0,0.0,"lived_experience_source is coded 0, since the video mainly contains the reference ""My prof says"", one slide refers to what the creator does, but knowledge shared of ADHD is not clearly based on own experiences "
creator_113,anonymized,anonymized,anonymized,0.0,,,,,,,,,,,,,,,
creator_181,anonymized,anonymized,anonymized,0.0,,,,,,,,,,,,,,,
creator_182,anonymized,anonymized,anonymized,0.0,,,,,,,,,,,,,,,
creator_182,anonymized,anonymized,anonymized,0.0,,,,,,,,,,,,,,,
creator_182,anonymized,anonymized,anonymized,0.0,,,,,,,,,,,,,,,
creator_182,anonymized,anonymized,anonymized,0.0,,,,,,,,,,,,,,,
creator_182,anonymized,anonymized,anonymized,0.0,,,,,,,,,,,,,,,
creator_182,anonymized,anonymized,anonymized,0.0,,,,,,,,,,,,,,,
creator_183,anonymized,anonymized,anonymized,1.0,0.0,0.0,0.0,1.0,0.0,1.0,1.0,0.0,0.0,0.0,1.0,0.0,0.0,0.0,
creator_184,anonymized,anonymized,anonymized,0.0,,,,,,,,,,,,,,,
creator_185,anonymized,anonymized,anonymized,0.0,,,,,,,,,,,,,,,
creator_6,anonymized,anonymized,anonymized,0.0,,,,,,,,,,,,,,,
creator_186,anonymized,anonymized,anonymized,0.0,,,,,,,,,,,,,,,
creator_187,anonymized,anonymized,anonymized,1.0,0.0,0.0,0.0,0.0,0.0,1.0,1.0,0.0,0.0,0.0,1.0,0.0,0.0,0.0,
creator_188,anonymized,anonymized,anonymized,0.0,,,,,,,,,,,,,,,
creator_189,anonymized,anonymized,anonymized,1.0,0.0,1.0,0.0,1.0,0.0,1.0,1.0,0.0,1.0,0.0,0.0,1.0,0.0,0.0,
creator_190,anonymized,anonymized,anonymized,0.0,,,,,,,,,,,,,,,
creator_191,anonymized,anonymized,anonymized,1.0,0.0,0.0,0.0,0.0,0.0,1.0,1.0,0.0,0.0,0.0,1.0,0.0,0.0,0.0,
creator_106,anonymized,anonymized,anonymized,0.0,,,,,,,,,,,,,,,
creator_192,anonymized,anonymized,anonymized,0.0,,,,,,,,,,,,,,,
creator_5,anonymized,anonymized,anonymized,0.0,,,,,,,,,,,,,,,
creator_56,anonymized,anonymized,anonymized,0.0,,,,,,,,,,,,,,,
creator_124,anonymized,anonymized,anonymized,1.0,1.0,1.0,1.0,0.0,0.0,1.0,1.0,0.0,0.0,0.0,1.0,0.0,1.0,0.0,
creator_193,anonymized,anonymized,anonymized,0.0,,,,,,,,,,,,,,,
creator_44,anonymized,anonymized,anonymized,1.0,0.0,1.0,0.0,0.0,0.0,1.0,1.0,0.0,1.0,0.0,0.0,1.0,0.0,0.0,
creator_194,anonymized,anonymized,anonymized,1.0,0.0,1.0,1.0,0.0,0.0,1.0,1.0,0.0,1.0,0.0,0.0,1.0,0.0,0.0,"lived_experience_source is coded 0, since the creator (therapist) explains ADHD-related topics for illustration from first-person language, it is not made clear that it is his own ADHD-related experience "
creator_195,anonymized,anonymized,anonymized,0.0,,,,,,,,,,,,,,,
creator_196,anonymized,anonymized,anonymized,1.0,0.0,0.0,0.0,0.0,0.0,1.0,1.0,1.0,0.0,0.0,1.0,0.0,0.0,0.0,
creator_120,anonymized,anonymized,anonymized,1.0,0.0,0.0,0.0,0.0,0.0,0.0,0.0,0.0,0.0,0.0,1.0,0.0,0.0,0.0,
creator_14,anonymized,anonymized,anonymized,0.0,,,,,,,,,,,,,,,
creator_22,anonymized,anonymized,anonymized,0.0,,,,,,,,,,,,,,,
creator_197,anonymized,anonymized,anonymized,0.0,,,,,,,,,,,,,,,
creator_69,anonymized,anonymized,anonymized,0.0,,,,,,,,,,,,,,,
creator_198,anonymized,anonymized,anonymized,1.0,0.0,0.0,1.0,1.0,0.0,1.0,1.0,0.0,0.0,0.0,1.0,0.0,0.0,0.0,
creator_31,anonymized,anonymized,anonymized,0.0,,,,,,,,,,,,,,,
creator_151,anonymized,anonymized,anonymized,0.0,,,,,,,,,,,,,,,
creator_199,anonymized,anonymized,anonymized,0.0,,,,,,,,,,,,,,,
creator_200,anonymized,anonymized,anonymized,0.0,,,,,,,,,,,,,,,
creator_146,anonymized,anonymized,anonymized,1.0,0.0,0.0,0.0,1.0,0.0,1.0,1.0,0.0,0.0,0.0,1.0,0.0,0.0,0.0,
creator_27,anonymized,anonymized,anonymized,0.0,,,,,,,,,,,,,,,
creator_201,anonymized,anonymized,anonymized,1.0,0.0,1.0,0.0,0.0,0.0,1.0,1.0,0.0,1.0,0.0,0.0,0.0,0.0,0.0,
creator_202,anonymized,anonymized,anonymized,0.0,,,,,,,,,,,,,,,
creator_56,anonymized,anonymized,anonymized,0.0,,,,,,,,,,,,,,,
creator_203,anonymized,anonymized,anonymized,1.0,1.0,1.0,1.0,0.0,0.0,0.0,0.0,0.0,1.0,0.0,0.0,1.0,0.0,0.0,
creator_204,anonymized,anonymized,anonymized,1.0,0.0,0.0,0.0,1.0,0.0,1.0,1.0,0.0,0.0,0.0,1.0,0.0,0.0,0.0,
creator_205,anonymized,anonymized,anonymized,0.0,,,,,,,,,,,,,,,
creator_206,anonymized,anonymized,anonymized,1.0,0.0,0.0,0.0,1.0,0.0,1.0,1.0,0.0,0.0,0.0,1.0,0.0,0.0,0.0,
creator_207,anonymized,anonymized,anonymized,0.0,,,,,,,,,,,,,,,
creator_208,anonymized,anonymized,anonymized,1.0,0.0,1.0,1.0,0.0,0.0,0.0,0.0,0.0,0.0,1.0,1.0,1.0,1.0,0.0,
creator_129,anonymized,anonymized,anonymized,0.0,,,,,,,,,,,,,,,
creator_209,anonymized,anonymized,anonymized,0.0,,,,,,,,,,,,,,,
creator_210,anonymized,anonymized,anonymized,1.0,1.0,0.0,0.0,0.0,0.0,1.0,1.0,0.0,0.0,0.0,1.0,0.0,0.0,0.0,
creator_211,anonymized,anonymized,anonymized,0.0,,,,,,,,,,,,,,,
creator_212,anonymized,anonymized,anonymized,0.0,,,,,,,,,,,,,,,
creator_213,anonymized,anonymized,anonymized,0.0,,,,,,,,,,,,,,,
creator_214,anonymized,anonymized,anonymized,1.0,0.0,0.0,0.0,1.0,0.0,1.0,1.0,0.0,0.0,0.0,0.0,0.0,0.0,0.0,
creator_215,anonymized,anonymized,anonymized,1.0,0.0,0.0,0.0,1.0,0.0,1.0,1.0,0.0,1.0,0.0,1.0,0.0,0.0,0.0,
creator_216,anonymized,anonymized,anonymized,0.0,,,,,,,,,,,,,,,
creator_217,anonymized,anonymized,anonymized,0.0,,,,,,,,,,,,,,,
creator_218,anonymized,anonymized,anonymized,0.0,,,,,,,,,,,,,,,
creator_32,anonymized,anonymized,anonymized,0.0,,,,,,,,,,,,,,,
creator_32,anonymized,anonymized,anonymized,0.0,,,,,,,,,,,,,,,
creator_32,anonymized,anonymized,anonymized,0.0,,,,,,,,,,,,,,,
creator_219,anonymized,anonymized,anonymized,1.0,0.0,0.0,0.0,1.0,0.0,1.0,1.0,0.0,0.0,0.0,1.0,0.0,0.0,0.0,
creator_32,anonymized,anonymized,anonymized,0.0,,,,,,,,,,,,,,,
creator_27,anonymized,anonymized,anonymized,1.0,0.0,0.0,0.0,1.0,1.0,1.0,1.0,0.0,0.0,0.0,1.0,0.0,0.0,0.0,
creator_32,anonymized,anonymized,anonymized,0.0,,,,,,,,,,,,,,,
creator_32,anonymized,anonymized,anonymized,0.0,,,,,,,,,,,,,,,
creator_32,anonymized,anonymized,anonymized,0.0,,,,,,,,,,,,,,,
creator_220,anonymized,anonymized,anonymized,1.0,0.0,1.0,0.0,1.0,0.0,1.0,1.0,0.0,0.0,0.0,0.0,0.0,0.0,0.0,
creator_122,anonymized,anonymized,anonymized,0.0,,,,,,,,,,,,,,,
creator_221,anonymized,anonymized,anonymized,1.0,0.0,0.0,0.0,1.0,0.0,1.0,1.0,0.0,0.0,0.0,1.0,0.0,0.0,0.0,
creator_222,anonymized,anonymized,anonymized,1.0,0.0,1.0,0.0,0.0,0.0,1.0,1.0,1.0,1.0,0.0,1.0,0.0,0.0,0.0,
creator_22,anonymized,anonymized,anonymized,1.0,0.0,1.0,0.0,0.0,0.0,1.0,1.0,0.0,0.0,0.0,0.0,0.0,0.0,0.0,"demedicalization_framing is not clear enough, since this video points out that forgetting your keys once is not ADHD, but still framed forgetting your keys and expanding the situation as affecting your daily life in a strong way, everyday experiences are not fully de-linked from ADHD "
creator_223,anonymized,anonymized,anonymized,0.0,,,,,,,,,,,,,,,
creator_25,anonymized,anonymized,anonymized,1.0,0.0,0.0,0.0,0.0,0.0,1.0,1.0,0.0,0.0,0.0,0.0,0.0,0.0,0.0,lived_experience_source is coded 0 since it is not made explicit that it is the creator´s own experience 
creator_224,anonymized,anonymized,anonymized,0.0,,,,,,,,,,,,,,,
creator_27,anonymized,anonymized,anonymized,1.0,0.0,0.0,1.0,1.0,0.0,1.0,1.0,0.0,0.0,0.0,1.0,0.0,0.0,0.0,
creator_225,anonymized,anonymized,anonymized,1.0,0.0,0.0,0.0,1.0,0.0,1.0,1.0,0.0,0.0,0.0,0.0,0.0,0.0,0.0,"lived_experience_source is coded 0, since the caption together with the video content do not make it clear, whether it is an lived experience that is the basis of the representation "
creator_19,anonymized,anonymized,anonymized,1.0,0.0,0.0,1.0,0.0,0.0,1.0,1.0,0.0,1.0,0.0,0.0,0.0,0.0,0.0,
creator_226,anonymized,anonymized,anonymized,0.0,,,,,,,,,,,,,,,
creator_227,anonymized,anonymized,anonymized,0.0,,,,,,,,,,,,,,,
creator_228,anonymized,anonymized,anonymized,0.0,,,,,,,,,,,,,,,
creator_229,anonymized,anonymized,anonymized,0.0,,,,,,,,,,,,,,,
creator_230,anonymized,anonymized,anonymized,0.0,,,,,,,,,,,,,,,
creator_231,anonymized,anonymized,anonymized,0.0,,,,,,,,,,,,,,,
creator_147,anonymized,anonymized,anonymized,1.0,0.0,0.0,0.0,1.0,0.0,1.0,1.0,0.0,0.0,0.0,1.0,0.0,0.0,0.0,
creator_232,anonymized,anonymized,anonymized,0.0,,,,,,,,,,,,,,,
creator_44,anonymized,anonymized,anonymized,1.0,0.0,1.0,0.0,0.0,0.0,1.0,1.0,0.0,1.0,0.0,1.0,1.0,0.0,0.0,
creator_233,anonymized,anonymized,anonymized,1.0,0.0,1.0,1.0,0.0,0.0,1.0,1.0,0.0,0.0,0.0,0.0,0.0,0.0,0.0,this video is coded as relevant sind RSD is linked with ADHD 
creator_234,anonymized,anonymized,anonymized,0.0,,,,,,,,,,,,,,,
creator_235,anonymized,anonymized,anonymized,0.0,,,,,,,,,,,,,,,
creator_32,anonymized,anonymized,anonymized,0.0,,,,,,,,,,,,,,,
creator_32,anonymized,anonymized,anonymized,0.0,,,,,,,,,,,,,,,
creator_236,anonymized,anonymized,anonymized,0.0,,,,,,,,,,,,,,,
creator_184,anonymized,anonymized,anonymized,1.0,1.0,0.0,0.0,0.0,0.0,1.0,1.0,0.0,0.0,0.0,1.0,0.0,0.0,0.0,
creator_32,anonymized,anonymized,anonymized,0.0,,,,,,,,,,,,,,,
creator_32,anonymized,anonymized,anonymized,0.0,,,,,,,,,,,,,,,
creator_237,anonymized,anonymized,anonymized,1.0,0.0,0.0,1.0,0.0,0.0,1.0,1.0,0.0,0.0,0.0,1.0,0.0,0.0,0.0,
creator_32,anonymized,anonymized,anonymized,0.0,,,,,,,,,,,,,,,
creator_32,anonymized,anonymized,anonymized,0.0,,,,,,,,,,,,,,,
creator_238,anonymized,anonymized,anonymized,1.0,0.0,0.0,0.0,0.0,1.0,1.0,1.0,0.0,0.0,0.0,1.0,0.0,0.0,0.0,
creator_32,anonymized,anonymized,anonymized,0.0,,,,,,,,,,,,,,,
creator_32,anonymized,anonymized,anonymized,0.0,,,,,,,,,,,,,,,
creator_239,anonymized,anonymized,anonymized,0.0,,,,,,,,,,,,,,,
creator_240,anonymized,anonymized,anonymized,1.0,0.0,0.0,0.0,1.0,0.0,1.0,1.0,0.0,0.0,0.0,1.0,0.0,0.0,0.0,
creator_241,anonymized,anonymized,anonymized,1.0,0.0,1.0,0.0,0.0,0.0,1.0,1.0,0.0,0.0,0.0,0.0,0.0,0.0,0.0,
creator_184,anonymized,anonymized,anonymized,0.0,,,,,,,,,,,,,,,
creator_242,anonymized,anonymized,anonymized,0.0,,,,,,,,,,,,,,,
creator_243,anonymized,anonymized,anonymized,1.0,0.0,0.0,0.0,1.0,0.0,1.0,1.0,0.0,0.0,0.0,0.0,0.0,0.0,0.0,
creator_244,anonymized,anonymized,anonymized,0.0,,,,,,,,,,,,,,,
creator_245,anonymized,anonymized,anonymized,0.0,,,,,,,,,,,,,,,
creator_246,anonymized,anonymized,anonymized,1.0,0.0,1.0,0.0,0.0,0.0,1.0,1.0,0.0,0.0,0.0,0.0,0.0,0.0,0.0,
creator_247,anonymized,anonymized,anonymized,1.0,1.0,0.0,0.0,0.0,0.0,1.0,1.0,0.0,0.0,0.0,1.0,0.0,0.0,0.0,
creator_248,anonymized,anonymized,anonymized,0.0,,,,,,,,,,,,,,,
creator_249,anonymized,anonymized,anonymized,1.0,0.0,0.0,0.0,1.0,0.0,1.0,1.0,0.0,0.0,0.0,0.0,0.0,0.0,0.0,
creator_250,anonymized,anonymized,anonymized,1.0,1.0,1.0,0.0,0.0,0.0,1.0,1.0,0.0,1.0,0.0,1.0,0.0,0.0,0.0,
creator_251,anonymized,anonymized,anonymized,1.0,0.0,0.0,0.0,1.0,0.0,1.0,1.0,0.0,0.0,0.0,1.0,0.0,0.0,0.0,
creator_252,anonymized,anonymized,anonymized,1.0,0.0,0.0,1.0,0.0,0.0,0.0,0.0,0.0,0.0,0.0,0.0,0.0,0.0,0.0,"professional_expertise_source is coded 0 even though creator shares about she did research about wellbeing and child counselling, there is connection to ADHD made within this representation of knowledge "
creator_253,anonymized,anonymized,anonymized,0.0,,,,,,,,,,,,,,,
creator_254,anonymized,anonymized,anonymized,1.0,0.0,1.0,0.0,1.0,1.0,1.0,1.0,0.0,0.0,0.0,0.0,0.0,0.0,0.0,
creator_254,anonymized,anonymized,anonymized,1.0,0.0,0.0,0.0,1.0,0.0,0.0,0.0,0.0,0.0,0.0,0.0,0.0,0.0,0.0,
creator_254,anonymized,anonymized,anonymized,1.0,0.0,1.0,0.0,1.0,0.0,1.0,1.0,0.0,0.0,0.0,0.0,0.0,0.0,0.0,
creator_255,anonymized,anonymized,anonymized,1.0,1.0,1.0,0.0,0.0,0.0,0.0,0.0,0.0,1.0,0.0,0.0,1.0,0.0,0.0,
creator_256,anonymized,anonymized,anonymized,0.0,,,,,,,,,,,,,,,
creator_257,anonymized,anonymized,anonymized,1.0,0.0,0.0,0.0,1.0,0.0,1.0,1.0,0.0,1.0,0.0,1.0,0.0,0.0,0.0,
creator_258,anonymized,anonymized,anonymized,0.0,,,,,,,,,,,,,,,
creator_259,anonymized,anonymized,anonymized,0.0,,,,,,,,,,,,,,,
creator_260,anonymized,anonymized,anonymized,1.0,0.0,1.0,0.0,1.0,1.0,1.0,1.0,0.0,1.0,0.0,0.0,0.0,0.0,0.0,
creator_261,anonymized,anonymized,anonymized,1.0,1.0,0.0,0.0,0.0,0.0,1.0,1.0,0.0,0.0,0.0,1.0,0.0,0.0,0.0,
creator_262,anonymized,anonymized,anonymized,1.0,0.0,0.0,0.0,1.0,0.0,1.0,1.0,0.0,0.0,0.0,1.0,0.0,0.0,1.0,
creator_263,anonymized,anonymized,anonymized,0.0,,,,,,,,,,,,,,,
creator_264,anonymized,anonymized,anonymized,0.0,,,,,,,,,,,,,,,
creator_265,anonymized,anonymized,anonymized,1.0,0.0,0.0,0.0,0.0,0.0,1.0,1.0,0.0,0.0,0.0,0.0,0.0,0.0,0.0,
creator_200,anonymized,anonymized,anonymized,0.0,,,,,,,,,,,,,,,
creator_266,anonymized,anonymized,anonymized,1.0,0.0,0.0,0.0,0.0,0.0,1.0,1.0,0.0,0.0,0.0,1.0,0.0,0.0,0.0,
creator_267,anonymized,anonymized,anonymized,1.0,0.0,0.0,1.0,0.0,0.0,1.0,1.0,0.0,0.0,0.0,0.0,0.0,0.0,0.0,
creator_268,anonymized,anonymized,anonymized,1.0,1.0,0.0,0.0,0.0,0.0,1.0,1.0,0.0,0.0,0.0,0.0,0.0,0.0,0.0,"lived_experience_source is coded 0, since creators uses ""we"" and generalizes the experience, with makes it unclear if the creator refers to their own experiences "
creator_269,anonymized,anonymized,anonymized,0.0,,,,,,,,,,,,,,,
creator_270,anonymized,anonymized,anonymized,0.0,,,,,,,,,,,,,,,
creator_22,anonymized,anonymized,anonymized,0.0,,,,,,,,,,,,,,,
creator_271,anonymized,anonymized,anonymized,0.0,,,,,,,,,,,,,,,
creator_272,anonymized,anonymized,anonymized,0.0,,,,,,,,,,,,,,,
creator_273,anonymized,anonymized,anonymized,0.0,,,,,,,,,,,,,,,
creator_274,anonymized,anonymized,anonymized,0.0,,,,,,,,,,,,,,,
creator_275,anonymized,anonymized,anonymized,0.0,,,,,,,,,,,,,,,
creator_211,anonymized,anonymized,anonymized,0.0,,,,,,,,,,,,,,,
creator_276,anonymized,anonymized,anonymized,1.0,0.0,0.0,0.0,1.0,0.0,1.0,1.0,0.0,0.0,0.0,1.0,0.0,0.0,0.0,
creator_32,anonymized,anonymized,anonymized,0.0,,,,,,,,,,,,,,,
creator_32,anonymized,anonymized,anonymized,0.0,,,,,,,,,,,,,,,
creator_32,anonymized,anonymized,anonymized,0.0,,,,,,,,,,,,,,,
creator_32,anonymized,anonymized,anonymized,0.0,,,,,,,,,,,,,,,
creator_277,anonymized,anonymized,anonymized,1.0,0.0,0.0,0.0,0.0,0.0,1.0,1.0,0.0,0.0,0.0,1.0,0.0,0.0,0.0,
creator_32,anonymized,anonymized,anonymized,0.0,,,,,,,,,,,,,,,
creator_32,anonymized,anonymized,anonymized,0.0,,,,,,,,,,,,,,,
creator_32,anonymized,anonymized,anonymized,0.0,,,,,,,,,,,,,,,
creator_32,anonymized,anonymized,anonymized,0.0,0.0,0.0,0.0,0.0,0.0,1.0,1.0,0.0,0.0,0.0,1.0,0.0,0.0,0.0,
creator_278,anonymized,anonymized,anonymized,0.0,,,,,,,,,,,,,,,
creator_279,anonymized,anonymized,anonymized,1.0,0.0,1.0,0.0,1.0,0.0,1.0,1.0,0.0,1.0,0.0,0.0,0.0,0.0,0.0,
creator_280,anonymized,anonymized,anonymized,1.0,0.0,0.0,0.0,1.0,0.0,1.0,1.0,0.0,0.0,0.0,1.0,0.0,0.0,0.0,
creator_281,anonymized,anonymized,anonymized,0.0,,,,,,,,,,,,,,,
creator_282,anonymized,anonymized,anonymized,0.0,,,,,,,,,,,,,,,
creator_283,anonymized,anonymized,anonymized,0.0,,,,,,,,,,,,,,,
creator_284,anonymized,anonymized,anonymized,1.0,0.0,0.0,0.0,1.0,0.0,1.0,1.0,0.0,0.0,0.0,1.0,0.0,0.0,0.0,
creator_285,anonymized,anonymized,anonymized,0.0,,,,,,,,,,,,,,,
creator_286,anonymized,anonymized,anonymized,1.0,0.0,0.0,1.0,0.0,0.0,1.0,1.0,0.0,1.0,0.0,1.0,0.0,0.0,0.0,
creator_287,anonymized,anonymized,anonymized,0.0,,,,,,,,,,,,,,,
creator_288,anonymized,anonymized,anonymized,1.0,1.0,0.0,1.0,0.0,0.0,1.0,1.0,0.0,0.0,0.0,1.0,0.0,0.0,0.0,
creator_289,anonymized,anonymized,anonymized,0.0,,,,,,,,,,,,,,,
creator_290,anonymized,anonymized,anonymized,0.0,,,,,,,,,,,,,,,
creator_291,anonymized,anonymized,anonymized,0.0,,,,,,,,,,,,,,,
creator_292,anonymized,anonymized,anonymized,0.0,,,,,,,,,,,,,,,
creator_293,anonymized,anonymized,anonymized,0.0,,,,,,,,,,,,,,,
creator_294,anonymized,anonymized,anonymized,0.0,,,,,,,,,,,,,,,
creator_254,anonymized,anonymized,anonymized,1.0,0.0,1.0,0.0,1.0,1.0,1.0,1.0,0.0,1.0,0.0,0.0,1.0,1.0,0.0,
creator_295,anonymized,anonymized,anonymized,1.0,0.0,0.0,0.0,0.0,0.0,1.0,1.0,0.0,0.0,0.0,1.0,0.0,0.0,0.0,
creator_296,anonymized,anonymized,anonymized,0.0,,,,,,,,,,,,,,,
creator_297,anonymized,anonymized,anonymized,0.0,,,,,,,,,,,,,,,
creator_287,anonymized,anonymized,anonymized,0.0,,,,,,,,,,,,,,,
creator_298,anonymized,anonymized,anonymized,1.0,0.0,0.0,0.0,0.0,0.0,1.0,1.0,0.0,0.0,0.0,1.0,0.0,0.0,0.0,"lived_experience_source is coded 1 even though the person does not use direct first-language, but states that it is a never project ""over here"" indicating it is a situation she is experiencing "
creator_63,anonymized,anonymized,anonymized,1.0,0.0,1.0,1.0,0.0,0.0,1.0,0.0,0.0,1.0,0.0,1.0,0.0,0.0,0.0,
creator_149,anonymized,anonymized,anonymized,0.0,,,,,,,,,,,,,,,
creator_13,anonymized,anonymized,anonymized,0.0,,,,,,,,,,,,,,,
creator_299,anonymized,anonymized,anonymized,0.0,,,,,,,,,,,,,,,
creator_300,anonymized,anonymized,anonymized,1.0,0.0,0.0,0.0,0.0,0.0,1.0,1.0,1.0,1.0,0.0,0.0,0.0,0.0,0.0,
creator_301,anonymized,anonymized,anonymized,0.0,,,,,,,,,,,,,,,
creator_302,anonymized,anonymized,anonymized,1.0,0.0,0.0,0.0,0.0,0.0,1.0,1.0,0.0,0.0,0.0,1.0,0.0,0.0,0.0,
creator_303,anonymized,anonymized,anonymized,1.0,1.0,0.0,0.0,0.0,0.0,1.0,1.0,0.0,0.0,0.0,1.0,0.0,0.0,0.0,
creator_301,anonymized,anonymized,anonymized,0.0,,,,,,,,,,,,,,,
creator_304,anonymized,anonymized,anonymized,0.0,,,,,,,,,,,,,,,
creator_305,anonymized,anonymized,anonymized,0.0,,,,,,,,,,,,,,,
